vid_name,vid
1826.mp4,1
1693.mp4,2
1703.mp4,3
0570.mp4,4
0187.mp4,5
1210.mp4,6
1169.mp4,7
1567.mp4,8
1768.mp4,9
1791.mp4,10
2120.mp4,11
2090.mp4,12
0523.mp4,13
1037.mp4,14
0510.mp4,15
0208.mp4,16
0927.mp4,17
1610.mp4,18
0532.mp4,19
1372.mp4,20
0059.mp4,21
0540.mp4,22
1292.mp4,23
0088.mp4,24
1544.mp4,25
