,word,version,vid,vid_name
0,excit,1,1,1826.mp4
1,excit,2,1,1826.mp4
2,yummi,1,1,1826.mp4
3,satisfi,1,1,1826.mp4
4,satisfi,1,1,1826.mp4
5,satisfi,2,1,1826.mp4
6,hungri,2,1,1826.mp4
7,calm,2,1,1826.mp4
8,calm,2,1,1826.mp4
9,calm,2,1,1826.mp4
10,hunger,2,1,1826.mp4
11,hunger,2,1,1826.mp4
12,interest,2,1,1826.mp4
13,proud,1,2,1693.mp4
14,proud,2,2,1693.mp4
15,proud,2,2,1693.mp4
16,proud,2,2,1693.mp4
17,proud,2,2,1693.mp4
18,proud,2,2,1693.mp4
19,proud,2,2,1693.mp4
20,proud,2,2,1693.mp4
21,war,1,2,1693.mp4
22,war,1,2,1693.mp4
23,war,1,2,1693.mp4
24,war,1,2,1693.mp4
25,war,1,2,1693.mp4
26,war,1,2,1693.mp4
27,war,1,2,1693.mp4
28,war,1,2,1693.mp4
29,war,1,2,1693.mp4
30,war,1,2,1693.mp4
31,war,1,2,1693.mp4
32,war,1,2,1693.mp4
33,war,1,2,1693.mp4
34,war,2,2,1693.mp4
35,inspir,1,2,1693.mp4
36,patriot,1,2,1693.mp4
37,histor,1,2,1693.mp4
38,neutral,2,2,1693.mp4
39,neutral,2,2,1693.mp4
40,neutral,2,2,1693.mp4
41,awe,2,2,1693.mp4
42,disgust,2,2,1693.mp4
43,violenc,1,3,1703.mp4
44,violenc,1,3,1703.mp4
45,violenc,1,3,1703.mp4
46,violenc,1,3,1703.mp4
47,violenc,1,3,1703.mp4
48,violenc,1,3,1703.mp4
49,violenc,1,3,1703.mp4
50,violenc,1,3,1703.mp4
51,shock,1,3,1703.mp4
52,shock,2,3,1703.mp4
53,shock,2,3,1703.mp4
54,shock,2,3,1703.mp4
55,disgust,1,3,1703.mp4
56,disgust,1,3,1703.mp4
57,disgust,2,3,1703.mp4
58,disgust,2,3,1703.mp4
59,disgust,2,3,1703.mp4
60,disgust,2,3,1703.mp4
61,work,1,3,1703.mp4
62,work,1,3,1703.mp4
63,anger,1,3,1703.mp4
64,anger,1,3,1703.mp4
65,anger,2,3,1703.mp4
66,anger,2,3,1703.mp4
67,anger,2,3,1703.mp4
68,anger,2,3,1703.mp4
69,mean,1,3,1703.mp4
70,sad,1,3,1703.mp4
71,sad,2,3,1703.mp4
72,sad,2,3,1703.mp4
73,sad,2,3,1703.mp4
74,sad,2,3,1703.mp4
75,sad,2,3,1703.mp4
76,horrifi,2,3,1703.mp4
77,mad,2,3,1703.mp4
78,mad,2,3,1703.mp4
79,pain,2,3,1703.mp4
80,dog,1,4,0570.mp4
81,dog,1,4,0570.mp4
82,dog,1,4,0570.mp4
83,dog,1,4,0570.mp4
84,dog,1,4,0570.mp4
85,dog,1,4,0570.mp4
86,dog,1,4,0570.mp4
87,dog,1,4,0570.mp4
88,dog,1,4,0570.mp4
89,dog,1,4,0570.mp4
90,dog,1,4,0570.mp4
91,dog,1,4,0570.mp4
92,hope,1,4,0570.mp4
93,compass,1,4,0570.mp4
94,compass,2,4,0570.mp4
95,heartwarm,1,4,0570.mp4
96,relief,2,4,0570.mp4
97,relief,2,4,0570.mp4
98,relief,2,4,0570.mp4
99,relief,2,4,0570.mp4
100,relief,2,4,0570.mp4
101,joy,2,4,0570.mp4
102,joy,2,4,0570.mp4
103,joy,2,4,0570.mp4
104,sad,2,4,0570.mp4
105,sad,2,4,0570.mp4
106,glad,2,4,0570.mp4
107,sick,1,5,0187.mp4
108,sick,1,5,0187.mp4
109,sick,1,5,0187.mp4
110,sick,1,5,0187.mp4
111,sick,1,5,0187.mp4
112,sick,1,5,0187.mp4
113,sick,1,5,0187.mp4
114,sick,1,5,0187.mp4
115,sick,1,5,0187.mp4
116,sick,2,5,0187.mp4
117,sick,2,5,0187.mp4
118,sick,2,5,0187.mp4
119,sick,2,5,0187.mp4
120,sick,2,5,0187.mp4
121,disgust,1,5,0187.mp4
122,disgust,1,5,0187.mp4
123,disgust,1,5,0187.mp4
124,disgust,1,5,0187.mp4
125,disgust,1,5,0187.mp4
126,disgust,1,5,0187.mp4
127,disgust,1,5,0187.mp4
128,disgust,2,5,0187.mp4
129,disgust,2,5,0187.mp4
130,disgust,2,5,0187.mp4
131,disgust,2,5,0187.mp4
132,disgust,2,5,0187.mp4
133,disgust,2,5,0187.mp4
134,disgust,2,5,0187.mp4
135,disgust,2,5,0187.mp4
136,gross,1,5,0187.mp4
137,gross,2,5,0187.mp4
138,gross,2,5,0187.mp4
139,gross,2,5,0187.mp4
140,gross,2,5,0187.mp4
141,happi,1,6,1210.mp4
142,happi,1,6,1210.mp4
143,happi,1,6,1210.mp4
144,happi,1,6,1210.mp4
145,happi,1,6,1210.mp4
146,happi,1,6,1210.mp4
147,happi,1,6,1210.mp4
148,happi,1,6,1210.mp4
149,happi,1,6,1210.mp4
150,happi,1,6,1210.mp4
151,happi,2,6,1210.mp4
152,celebr,1,6,1210.mp4
153,celebr,1,6,1210.mp4
154,celebr,1,6,1210.mp4
155,celebr,1,6,1210.mp4
156,celebr,1,6,1210.mp4
157,celebr,1,6,1210.mp4
158,victori,1,6,1210.mp4
159,victori,1,6,1210.mp4
160,victori,1,6,1210.mp4
161,victori,1,6,1210.mp4
162,victori,1,6,1210.mp4
163,victori,1,6,1210.mp4
164,togeth,1,6,1210.mp4
165,hug,1,6,1210.mp4
166,proud,2,6,1210.mp4
167,proud,2,6,1210.mp4
168,proud,2,6,1210.mp4
169,proud,2,6,1210.mp4
170,joy,2,6,1210.mp4
171,joy,2,6,1210.mp4
172,help,1,7,1169.mp4
173,help,1,7,1169.mp4
174,help,1,7,1169.mp4
175,help,1,7,1169.mp4
176,care,1,7,1169.mp4
177,care,1,7,1169.mp4
178,care,2,7,1169.mp4
179,sad,1,7,1169.mp4
180,sad,2,7,1169.mp4
181,sad,2,7,1169.mp4
182,sad,2,7,1169.mp4
183,sad,2,7,1169.mp4
184,sad,2,7,1169.mp4
185,sad,2,7,1169.mp4
186,sad,2,7,1169.mp4
187,sad,2,7,1169.mp4
188,sad,2,7,1169.mp4
189,sad,2,7,1169.mp4
190,sad,2,7,1169.mp4
191,sadden,1,7,1169.mp4
192,hope,2,7,1169.mp4
193,hope,2,7,1169.mp4
194,upset,2,7,1169.mp4
195,anger,2,7,1169.mp4
196,anger,2,7,1169.mp4
197,game,1,8,1567.mp4
198,happi,1,8,1567.mp4
199,happi,1,8,1567.mp4
200,happi,1,8,1567.mp4
201,happi,1,8,1567.mp4
202,happi,1,8,1567.mp4
203,happi,1,8,1567.mp4
204,happi,1,8,1567.mp4
205,happi,1,8,1567.mp4
206,happi,1,8,1567.mp4
207,awkward,1,8,1567.mp4
208,awkward,1,8,1567.mp4
209,awkward,1,8,1567.mp4
210,awkward,1,8,1567.mp4
211,awkward,1,8,1567.mp4
212,awkward,2,8,1567.mp4
213,awkward,2,8,1567.mp4
214,awkward,2,8,1567.mp4
215,awkward,2,8,1567.mp4
216,awkward,2,8,1567.mp4
217,embarrass,1,8,1567.mp4
218,embarass,1,8,1567.mp4
219,funni,1,8,1567.mp4
220,cheer,1,8,1567.mp4
221,cheer,2,8,1567.mp4
222,confus,1,8,1567.mp4
223,confus,2,8,1567.mp4
224,content,2,8,1567.mp4
225,ouch,1,9,1768.mp4
226,ouch,1,9,1768.mp4
227,ouch,1,9,1768.mp4
228,pain,1,9,1768.mp4
229,pain,1,9,1768.mp4
230,pain,1,9,1768.mp4
231,pain,1,9,1768.mp4
232,pain,1,9,1768.mp4
233,pain,1,9,1768.mp4
234,pain,1,9,1768.mp4
235,pain,1,9,1768.mp4
236,pain,2,9,1768.mp4
237,pain,2,9,1768.mp4
238,pain,2,9,1768.mp4
239,pain,2,9,1768.mp4
240,pain,2,9,1768.mp4
241,pain,2,9,1768.mp4
242,sad,1,9,1768.mp4
243,sad,1,9,1768.mp4
244,sad,2,9,1768.mp4
245,sad,2,9,1768.mp4
246,sad,2,9,1768.mp4
247,stupid,1,9,1768.mp4
248,regret,1,9,1768.mp4
249,empathi,2,9,1768.mp4
250,worri,2,9,1768.mp4
251,concern,2,9,1768.mp4
252,rich,1,10,1791.mp4
253,rich,1,10,1791.mp4
254,rich,1,10,1791.mp4
255,rich,1,10,1791.mp4
256,rich,1,10,1791.mp4
257,rich,1,10,1791.mp4
258,rich,2,10,1791.mp4
259,happi,1,10,1791.mp4
260,happi,1,10,1791.mp4
261,annoy,2,10,1791.mp4
262,jealou,2,10,1791.mp4
263,neutral,2,10,1791.mp4
264,neutral,2,10,1791.mp4
265,hate,2,10,1791.mp4
266,close,1,11,2120.mp4
267,close,1,11,2120.mp4
268,close,1,11,2120.mp4
269,close,1,11,2120.mp4
270,close,1,11,2120.mp4
271,close,2,11,2120.mp4
272,stupid,1,11,2120.mp4
273,stupid,1,11,2120.mp4
274,stupid,2,11,2120.mp4
275,escap,1,11,2120.mp4
276,escap,1,11,2120.mp4
277,terrifi,1,11,2120.mp4
278,anxiou,1,11,2120.mp4
279,scari,1,11,2120.mp4
280,scari,1,11,2120.mp4
281,danger,1,11,2120.mp4
282,danger,1,11,2120.mp4
283,danger,1,11,2120.mp4
284,danger,1,11,2120.mp4
285,danger,2,11,2120.mp4
286,fear,1,11,2120.mp4
287,fear,2,11,2120.mp4
288,riski,1,11,2120.mp4
289,concern,2,11,2120.mp4
290,worri,2,11,2120.mp4
291,reliev,2,11,2120.mp4
292,relief,2,11,2120.mp4
293,relief,2,11,2120.mp4
294,relief,2,11,2120.mp4
295,shock,2,11,2120.mp4
296,idiot,1,12,2090.mp4
297,idiot,2,12,2090.mp4
298,justic,1,12,2090.mp4
299,funni,1,12,2090.mp4
300,illeg,1,12,2090.mp4
301,illeg,1,12,2090.mp4
302,dumb,1,12,2090.mp4
303,annoy,1,12,2090.mp4
304,annoy,2,12,2090.mp4
305,confus,2,12,2090.mp4
306,concern,2,12,2090.mp4
307,anger,2,12,2090.mp4
308,annoy,1,13,0523.mp4
309,annoy,1,13,0523.mp4
310,annoy,1,13,0523.mp4
311,uninterest,1,13,0523.mp4
312,bore,1,13,0523.mp4
313,frustrat,1,13,0523.mp4
314,frustrat,2,13,0523.mp4
315,amus,1,13,0523.mp4
316,disbelief,2,13,0523.mp4
317,disbelief,2,13,0523.mp4
318,upset,2,13,0523.mp4
319,upset,2,13,0523.mp4
320,contempt,2,13,0523.mp4
321,meh,2,13,0523.mp4
322,disgust,2,13,0523.mp4
323,disgust,2,13,0523.mp4
324,crazi,1,14,1037.mp4
325,crazi,1,14,1037.mp4
326,crazi,1,14,1037.mp4
327,scari,1,14,1037.mp4
328,scari,1,14,1037.mp4
329,scari,1,14,1037.mp4
330,scari,1,14,1037.mp4
331,scari,1,14,1037.mp4
332,scari,1,14,1037.mp4
333,anxiou,1,14,1037.mp4
334,anxiou,2,14,1037.mp4
335,adventur,1,14,1037.mp4
336,adventur,1,14,1037.mp4
337,adventur,1,14,1037.mp4
338,riski,1,14,1037.mp4
339,riski,1,14,1037.mp4
340,how,1,14,1037.mp4
341,fun,1,14,1037.mp4
342,amaz,1,14,1037.mp4
343,fear,2,14,1037.mp4
344,fear,2,14,1037.mp4
345,fear,2,14,1037.mp4
346,fear,2,14,1037.mp4
347,fear,2,14,1037.mp4
348,wow,2,14,1037.mp4
349,disbelief,2,14,1037.mp4
350,stupid,2,14,1037.mp4
351,weird,1,15,0510.mp4
352,weird,1,15,0510.mp4
353,weird,1,15,0510.mp4
354,weird,1,15,0510.mp4
355,weird,1,15,0510.mp4
356,weird,1,15,0510.mp4
357,weird,2,15,0510.mp4
358,weird,2,15,0510.mp4
359,odd,1,15,0510.mp4
360,odd,1,15,0510.mp4
361,odd,1,15,0510.mp4
362,odd,1,15,0510.mp4
363,odd,2,15,0510.mp4
364,strang,1,15,0510.mp4
365,strang,1,15,0510.mp4
366,strang,1,15,0510.mp4
367,confus,1,15,0510.mp4
368,confus,1,15,0510.mp4
369,confus,1,15,0510.mp4
370,confus,1,15,0510.mp4
371,confus,1,15,0510.mp4
372,confus,1,15,0510.mp4
373,confus,1,15,0510.mp4
374,unsettl,1,15,0510.mp4
375,surpris,1,15,0510.mp4
376,bizarr,1,15,0510.mp4
377,intrigu,2,15,0510.mp4
378,shock,2,15,0510.mp4
379,danger,1,16,0208.mp4
380,danger,1,16,0208.mp4
381,danger,1,16,0208.mp4
382,danger,1,16,0208.mp4
383,danger,1,16,0208.mp4
384,danger,1,16,0208.mp4
385,danger,1,16,0208.mp4
386,danger,2,16,0208.mp4
387,burn,1,16,0208.mp4
388,burn,1,16,0208.mp4
389,burn,1,16,0208.mp4
390,burn,1,16,0208.mp4
391,burn,1,16,0208.mp4
392,burn,1,16,0208.mp4
393,burn,1,16,0208.mp4
394,burn,1,16,0208.mp4
395,shock,1,16,0208.mp4
396,shock,2,16,0208.mp4
397,sad,1,16,0208.mp4
398,sad,1,16,0208.mp4
399,sad,2,16,0208.mp4
400,sad,2,16,0208.mp4
401,sad,2,16,0208.mp4
402,sad,2,16,0208.mp4
403,sad,2,16,0208.mp4
404,sad,2,16,0208.mp4
405,sad,2,16,0208.mp4
406,sad,2,16,0208.mp4
407,scari,1,16,0208.mp4
408,loss,1,16,0208.mp4
409,fear,2,16,0208.mp4
410,fear,2,16,0208.mp4
411,fear,2,16,0208.mp4
412,fear,2,16,0208.mp4
413,fear,2,16,0208.mp4
414,afraid,2,16,0208.mp4
415,afraid,2,16,0208.mp4
416,afraid,2,16,0208.mp4
417,neutral,2,16,0208.mp4
418,affect,1,17,0927.mp4
419,love,1,17,0927.mp4
420,love,1,17,0927.mp4
421,love,1,17,0927.mp4
422,love,1,17,0927.mp4
423,love,1,17,0927.mp4
424,love,1,17,0927.mp4
425,love,1,17,0927.mp4
426,love,1,17,0927.mp4
427,love,1,17,0927.mp4
428,love,1,17,0927.mp4
429,love,1,17,0927.mp4
430,love,1,17,0927.mp4
431,love,1,17,0927.mp4
432,love,1,17,0927.mp4
433,love,1,17,0927.mp4
434,love,1,17,0927.mp4
435,love,1,17,0927.mp4
436,love,2,17,0927.mp4
437,love,2,17,0927.mp4
438,love,2,17,0927.mp4
439,love,2,17,0927.mp4
440,content,1,17,0927.mp4
441,content,2,17,0927.mp4
442,content,2,17,0927.mp4
443,content,2,17,0927.mp4
444,happi,1,17,0927.mp4
445,happi,1,17,0927.mp4
446,happi,1,17,0927.mp4
447,happi,1,17,0927.mp4
448,happi,2,17,0927.mp4
449,cute,1,17,0927.mp4
450,cute,2,17,0927.mp4
451,coupl,1,17,0927.mp4
452,coupl,1,17,0927.mp4
453,coupl,1,17,0927.mp4
454,coupl,1,17,0927.mp4
455,coupl,1,17,0927.mp4
456,coupl,1,17,0927.mp4
457,coupl,1,17,0927.mp4
458,coupl,1,17,0927.mp4
459,sweet,1,17,0927.mp4
460,sweet,2,17,0927.mp4
461,sweet,2,17,0927.mp4
462,warm,2,17,0927.mp4
463,warm,2,17,0927.mp4
464,nostalgia,2,17,0927.mp4
465,pleasant,2,17,0927.mp4
466,sexual,1,18,1610.mp4
467,sexual,1,18,1610.mp4
468,sexual,1,18,1610.mp4
469,sexual,2,18,1610.mp4
470,sexual,2,18,1610.mp4
471,sexual,2,18,1610.mp4
472,erot,1,18,1610.mp4
473,erot,1,18,1610.mp4
474,erot,1,18,1610.mp4
475,pleasur,1,18,1610.mp4
476,pleasur,1,18,1610.mp4
477,pleasur,1,18,1610.mp4
478,pleasur,1,18,1610.mp4
479,pleasur,1,18,1610.mp4
480,excit,1,18,1610.mp4
481,excit,1,18,1610.mp4
482,excit,1,18,1610.mp4
483,lust,1,18,1610.mp4
484,love,1,18,1610.mp4
485,interest,1,18,1610.mp4
486,relax,1,18,1610.mp4
487,gross,1,18,1610.mp4
488,disgust,2,18,1610.mp4
489,disgust,2,18,1610.mp4
490,disgust,2,18,1610.mp4
491,awkward,2,18,1610.mp4
492,dark,1,19,0532.mp4
493,dark,1,19,0532.mp4
494,dark,1,19,0532.mp4
495,dark,1,19,0532.mp4
496,dark,1,19,0532.mp4
497,dark,1,19,0532.mp4
498,dark,1,19,0532.mp4
499,dark,1,19,0532.mp4
500,dark,1,19,0532.mp4
501,dark,1,19,0532.mp4
502,dark,2,19,0532.mp4
503,shock,1,19,0532.mp4
504,shock,1,19,0532.mp4
505,shock,2,19,0532.mp4
506,shock,2,19,0532.mp4
507,shock,2,19,0532.mp4
508,shock,2,19,0532.mp4
509,confus,1,19,0532.mp4
510,scari,1,19,0532.mp4
511,sad,1,19,0532.mp4
512,sad,2,19,0532.mp4
513,sad,2,19,0532.mp4
514,sad,2,19,0532.mp4
515,sad,2,19,0532.mp4
516,sad,2,19,0532.mp4
517,whi,1,19,0532.mp4
518,worri,2,19,0532.mp4
519,upset,2,19,0532.mp4
520,upset,2,19,0532.mp4
521,upset,2,19,0532.mp4
522,afraid,2,19,0532.mp4
523,afraid,2,19,0532.mp4
524,afraid,2,19,0532.mp4
525,afraid,2,19,0532.mp4
526,horror,2,19,0532.mp4
527,coffe,1,20,1372.mp4
528,coffe,1,20,1372.mp4
529,coffe,1,20,1372.mp4
530,coffe,1,20,1372.mp4
531,calm,1,20,1372.mp4
532,calm,1,20,1372.mp4
533,calm,2,20,1372.mp4
534,calm,2,20,1372.mp4
535,calm,2,20,1372.mp4
536,calm,2,20,1372.mp4
537,calm,2,20,1372.mp4
538,calm,2,20,1372.mp4
539,calm,2,20,1372.mp4
540,calm,2,20,1372.mp4
541,calm,2,20,1372.mp4
542,calm,2,20,1372.mp4
543,calm,2,20,1372.mp4
544,relax,1,20,1372.mp4
545,relax,1,20,1372.mp4
546,relax,1,20,1372.mp4
547,relax,1,20,1372.mp4
548,empti,1,20,1372.mp4
549,empti,1,20,1372.mp4
550,empti,1,20,1372.mp4
551,empti,2,20,1372.mp4
552,bore,2,20,1372.mp4
553,chill,2,20,1372.mp4
554,tranquil,2,20,1372.mp4
555,tranquil,2,20,1372.mp4
556,neutral,2,20,1372.mp4
557,neutral,2,20,1372.mp4
558,neutral,2,20,1372.mp4
559,sad,1,21,0059.mp4
560,sad,1,21,0059.mp4
561,sad,2,21,0059.mp4
562,sad,2,21,0059.mp4
563,sad,2,21,0059.mp4
564,sad,2,21,0059.mp4
565,sad,2,21,0059.mp4
566,sad,2,21,0059.mp4
567,sad,2,21,0059.mp4
568,sad,2,21,0059.mp4
569,sad,2,21,0059.mp4
570,sad,2,21,0059.mp4
571,sad,2,21,0059.mp4
572,empathi,2,21,0059.mp4
573,helpless,2,21,0059.mp4
574,excit,1,22,0540.mp4
575,excit,1,22,0540.mp4
576,excit,1,22,0540.mp4
577,excit,1,22,0540.mp4
578,excit,1,22,0540.mp4
579,excit,1,22,0540.mp4
580,excit,1,22,0540.mp4
581,excit,2,22,0540.mp4
582,happi,1,22,0540.mp4
583,happi,1,22,0540.mp4
584,happi,1,22,0540.mp4
585,happi,1,22,0540.mp4
586,happi,1,22,0540.mp4
587,happi,1,22,0540.mp4
588,happi,2,22,0540.mp4
589,win,1,22,0540.mp4
590,win,1,22,0540.mp4
591,win,1,22,0540.mp4
592,win,1,22,0540.mp4
593,win,1,22,0540.mp4
594,win,1,22,0540.mp4
595,amaz,1,22,0540.mp4
596,celebr,1,22,0540.mp4
597,celebr,1,22,0540.mp4
598,impress,1,22,0540.mp4
599,impress,2,22,0540.mp4
600,awe,2,22,0540.mp4
601,scari,1,23,1292.mp4
602,tragic,1,23,1292.mp4
603,tragic,1,23,1292.mp4
604,worri,1,23,1292.mp4
605,worri,2,23,1292.mp4
606,shock,1,23,1292.mp4
607,shock,1,23,1292.mp4
608,shock,1,23,1292.mp4
609,shock,2,23,1292.mp4
610,shock,2,23,1292.mp4
611,terror,1,23,1292.mp4
612,horror,1,23,1292.mp4
613,horror,2,23,1292.mp4
614,tragedi,1,23,1292.mp4
615,scare,2,23,1292.mp4
616,sad,2,23,1292.mp4
617,sad,2,23,1292.mp4
618,sad,2,23,1292.mp4
619,sad,2,23,1292.mp4
620,sad,2,23,1292.mp4
621,danger,2,23,1292.mp4
622,happi,1,24,0088.mp4
623,happi,1,24,0088.mp4
624,happi,2,24,0088.mp4
625,cocki,1,24,0088.mp4
626,justic,1,24,0088.mp4
627,funni,1,24,0088.mp4
628,funni,1,24,0088.mp4
629,surpris,1,24,0088.mp4
630,surpris,2,24,0088.mp4
631,shock,2,24,0088.mp4
632,joy,2,24,0088.mp4
633,idiot,2,24,0088.mp4
634,karma,2,24,0088.mp4
635,movi,1,25,1544.mp4
636,movi,1,25,1544.mp4
637,movi,1,25,1544.mp4
638,movi,1,25,1544.mp4
639,movi,1,25,1544.mp4
640,funni,1,25,1544.mp4
641,funni,1,25,1544.mp4
642,funni,1,25,1544.mp4
643,danger,1,25,1544.mp4
644,pain,1,25,1544.mp4
645,surpris,1,25,1544.mp4
646,confus,2,25,1544.mp4
647,afraid,2,25,1544.mp4
648,afraid,2,25,1544.mp4
649,sad,2,25,1544.mp4
650,sad,2,25,1544.mp4
651,sad,2,25,1544.mp4
652,sad,2,25,1544.mp4
653,laugh,2,25,1544.mp4
